{"cameraMode":{"drawMode":0,"name":"Shaded","section":"Shading Mode"},"sceneLighting":true,"audioPlay":false,"sceneViewState":{"showFog":true,"showMaterialUpdate":false,"showSkybox":true,"showFlares":true,"showImageEffects":true,"showParticleSystems":true},"in2DMode":false,"pivot":{"x":409.3252868652344,"y":40.44199752807617,"z":368.3385009765625},"rotation":{"x":-0.08115269243717194,"y":0.7706463932991028,"z":-0.10021116584539414,"w":-0.6240829825401306},"size":57.683258056640628,"orthographic":false}