{"cameraMode":{"drawMode":0,"name":"Shaded","section":"Shading Mode"},"sceneLighting":true,"audioPlay":false,"sceneViewState":{"showFog":true,"showMaterialUpdate":false,"showSkybox":false,"showFlares":true,"showImageEffects":true,"showParticleSystems":true},"in2DMode":false,"pivot":{"x":212.72999572753907,"y":8.0,"z":97.0999984741211},"rotation":{"x":-0.08551450073719025,"y":0.06630350649356842,"z":-0.005703291390091181,"w":-0.9941138625144959},"size":80.02074432373047,"orthographic":false}